ID,Label
0,13
1,3
2,4
3,3
4,5
5,9
6,15
7,15
8,11
9,18
10,11
11,7
12,21
13,15
14,9
15,22
16,20
17,15
18,14
19,23
20,4
21,19
22,19
23,5
24,18
25,4
26,23
27,10
28,15
29,11
30,12
31,18
32,13
33,21
34,4
35,11
36,20
37,5
38,14
39,17
40,14
41,15
42,15
43,23
44,17
45,15
46,11
47,11
48,9
49,15
50,22
51,12
52,23
53,5
54,15
55,13
56,3
57,22
58,4
59,23
60,15
61,4
62,11
63,14
64,11
65,13
66,15
67,18
68,9
69,7
70,5
71,4
72,15
73,18
74,23
75,19
76,11
77,11
78,11
79,15
80,10
81,21
82,15
83,13
84,14
85,9
86,4
87,19
88,11
89,0
90,4
91,20
92,1
93,14
94,15
95,20
96,17
97,2
98,21
99,4
100,4
101,17
102,1
103,16
104,15
105,11
106,15
107,11
108,16
109,17
110,5
111,17
112,20
113,3
114,11
115,19
116,22
117,11
118,4
119,18
120,5
121,4
122,18
123,4
124,13
125,15
126,10
127,21
128,14
129,13
130,17
131,22
132,19
133,11
134,19
135,5
136,15
137,11
138,15
139,10
140,17
141,11
142,8
143,4
144,4
145,9
146,13
147,19
148,20
149,20
150,15
151,13
152,15
153,11
154,5
155,22
156,11
157,21
158,5
159,15
160,11
161,15
162,11
163,19
164,11
165,14
166,0
167,12
168,11
169,14
170,13
171,11
172,4
173,15
174,19
175,15
176,18
177,11
178,5
179,17
180,23
181,11
182,11
183,9
184,23
185,11
186,10
187,16
188,18
189,15
190,15
191,13
192,23
193,11
194,18
195,5
196,11
197,13
198,20
199,20
200,11
201,14
202,14
203,11
204,17
205,13
206,19
207,20
208,17
209,12
210,23
211,5
212,17
213,11
214,1
215,19
216,10
217,17
218,22
219,4
220,13
221,13
222,10
223,14
224,11
225,13
226,19
227,12
228,22
229,18
230,14
231,15
232,17
233,11
234,11
235,21
236,23
237,4
238,15
239,3
240,19
241,5
242,0
243,11
244,3
245,3
246,9
247,19
248,18
249,13
250,23
251,16
252,23
253,19
254,13
255,19
256,4
257,15
258,5
259,16
260,11
261,2
262,4
263,0
264,15
265,3
266,23
267,9
268,9
269,18
270,4
271,20
272,18
273,15
274,11
275,15
276,15
277,13
278,20
279,23
280,10
281,20
282,22
283,15
284,16
285,11
286,16
287,15
288,10
289,1
290,23
291,23
292,3
293,11
294,19
295,3
296,23
297,11
298,1
299,11
300,11
301,11
302,5
303,3
304,12
305,15
306,4
307,4
308,17
309,7
310,10
311,15
312,4
313,4
314,9
315,4
316,2
317,1
318,14
319,9
320,11
321,21
322,19
323,3
324,4
325,11
326,9
327,12
328,4
329,15
330,9
331,4
332,13
333,3
334,13
335,15
336,11
337,16
338,19
339,15
340,15
341,11
342,15
343,15
344,13
345,9
346,9
347,1
348,11
349,20
350,10
351,14
352,17
353,17
354,14
355,23
356,22
357,15
358,5
359,15
360,13
361,11
362,11
363,10
364,20
365,17
366,15
367,13
368,11
369,14
370,13
371,22
372,23
373,16
374,21
375,10
376,23
377,0
378,11
379,10
380,19
381,19
382,19
383,15
384,17
385,8
386,11
387,9
388,21
389,22
390,11
391,10
392,11
393,10
394,20
395,11
396,18
397,2
398,14
399,23
400,5
401,11
402,23
403,4
404,10
405,5
406,11
407,8
408,15
409,4
410,9
411,9
412,11
413,15
414,4
415,16
416,17
417,15
418,11
419,19
420,4
421,22
422,9
423,9
424,11
425,17
426,11
427,5
428,21
429,13
430,11
431,15
432,9
433,4
434,19
435,22
436,15
437,3
438,16
439,3
440,11
441,4
442,13
443,11
444,15
445,11
446,0
447,15
448,15
449,15
450,3
451,1
452,19
453,11
454,11
455,14
456,19
457,11
458,0
459,19
460,19
461,16
462,4
463,19
464,13
465,9
466,20
467,10
468,3
469,15
470,11
471,7
472,23
473,23
474,13
475,17
476,11
477,2
478,14
479,4
480,5
481,11
482,4
483,16
484,10
485,4
486,21
487,22
488,22
489,20
490,23
491,16
492,22
493,11
494,23
495,9
496,8
497,3
498,9
499,0
500,11
501,5
502,11
503,2
504,11
505,11
506,9
507,15
508,10
509,10
510,5
511,21
512,8
513,9
514,12
515,18
516,2
517,4
518,15
519,11
520,16
521,20
522,4
523,9
524,13
525,4
526,17
527,5
528,15
529,14
530,11
531,11
532,11
533,9
534,5
535,4
536,0
537,11
538,11
539,21
540,13
541,4
542,18
543,22
544,4
545,17
546,19
547,11
548,4
549,4
550,21
551,15
552,19
553,23
554,18
555,4
556,1
557,15
558,13
559,21
560,19
561,11
562,3
563,11
564,19
565,7
566,15
567,18
568,17
569,17
570,11
571,23
572,9
573,21
574,15
575,22
576,3
577,19
578,14
579,19
580,16
581,11
582,17
583,11
584,4
585,17
586,1
587,8
588,21
589,17
590,15
591,19
592,11
593,23
594,5
595,21
596,11
597,15
598,15
599,9
600,9
601,4
602,18
603,21
604,15
605,15
606,11
607,13
608,4
609,19
610,10
611,15
612,17
613,22
614,10
615,11
616,18
617,5
618,4
619,9
620,17
621,15
622,11
623,11
624,17
625,21
626,0
627,4
628,5
629,14
630,3
631,15
632,21
633,11
634,13
635,22
636,9
637,19
638,15
639,3
640,4
641,23
642,11
643,18
644,15
645,19
646,23
647,17
648,9
649,0
650,13
651,4
652,6
653,17
654,22
655,11
656,10
657,11
658,15
659,3
660,11
661,15
662,11
663,3
664,13
665,19
666,18
667,0
668,23
669,1
670,15
671,4
672,23
673,0
674,9
675,17
676,5
677,15
678,4
679,23
680,14
681,22
682,4
683,0
684,9
685,17
686,15
687,17
688,20
689,15
690,1
691,21
692,15
693,3
694,10
695,9
696,15
697,3
698,14
699,5
700,22
701,17
702,15
703,11
704,3
705,19
706,21
707,18
708,18
709,23
710,3
711,13
712,18
713,1
714,15
715,11
716,21
717,7
718,17
719,9
720,16
721,5
722,14
723,11
724,21
725,4
726,20
727,16
728,9
729,15
730,23
731,19
732,11
733,22
734,13
735,19
736,13
737,21
738,15
739,19
740,22
741,16
742,19
743,17
744,11
745,9
746,3
747,22
748,11
749,18
750,15
751,1
752,22
753,15
754,15
755,11
756,11
757,3
758,15
759,12
760,15
761,19
762,15
763,23
764,11
765,23
766,15
767,4
768,21
769,0
770,4
771,21
772,20
773,15
774,17
775,5
776,1
777,12
778,11
779,11
780,4
781,4
782,11
783,14
784,9
785,11
786,19
787,4
788,4
789,21
790,15
791,5
792,23
793,0
794,15
795,4
796,8
797,18
798,15
799,5
800,18
801,15
802,20
803,11
804,15
805,11
806,9
807,14
808,17
809,18
810,21
811,5
812,16
813,3
814,9
815,14
816,15
817,3
818,20
819,13
820,17
821,5
822,4
823,17
824,11
825,5
826,22
827,21
828,0
829,4
830,3
831,2
832,3
833,11
834,15
835,8
836,15
837,12
838,21
839,2
840,12
841,11
842,4
843,23
844,11
845,16
846,17
847,4
848,4
849,15
850,11
851,15
852,15
853,17
854,11
855,20
856,4
857,9
858,14
859,4
860,15
861,19
862,14
863,16
864,17
865,11
866,12
867,2
868,13
869,1
870,21
871,22
872,14
873,15
874,3
875,4
876,15
877,3
878,13
879,20
880,11
881,9
882,16
883,4
884,20
885,13
886,9
887,19
888,4
889,4
890,4
891,20
892,4
893,10
894,9
895,11
896,12
897,21
898,9
899,7
900,21
901,0
902,10
903,21
904,1
905,11
906,13
907,3
908,11
909,17
910,11
911,11
912,9
913,15
914,11
915,4
916,5
917,20
918,10
919,20
920,11
921,4
922,12
923,5
924,9
925,9
926,23
927,20
928,17
929,4
930,19
931,15
932,15
933,14
934,17
935,5
936,2
937,19
938,5
939,7
940,13
941,14
942,4
943,0
944,4
945,17
946,19
947,12
948,9
949,11
950,11
951,17
952,17
953,21
954,5
955,11
956,22
957,19
958,11
959,11
960,10
961,3
962,14
963,5
964,17
965,12
966,8
967,17
968,23
969,2
970,15
971,19
972,13
973,4
974,9
975,18
976,19
977,11
978,14
979,11
980,14
981,15
982,23
983,4
984,15
985,11
986,9
987,11
988,15
989,11
990,9
991,11
992,19
993,11
994,21
995,11
996,15
997,4
998,3
999,20
1000,13
1001,2
1002,0
1003,20
1004,14
1005,15
1006,3
1007,13
1008,19
1009,9
1010,13
1011,12
1012,12
1013,5
1014,11
1015,16
1016,0
1017,20
1018,9
1019,20
1020,9
1021,21
1022,11
1023,22
1024,11
1025,2
1026,3
1027,3
1028,13
1029,11
1030,12
1031,7
1032,20
1033,15
1034,23
1035,4
1036,15
1037,11
1038,15
1039,11
1040,17
1041,23
1042,19
1043,17
1044,9
1045,11
1046,4
1047,11
1048,17
1049,23
1050,15
1051,4
1052,11
1053,17
1054,3
1055,20
1056,2
1057,13
1058,22
1059,5
1060,11
1061,15
1062,22
1063,14
1064,11
1065,19
1066,11
1067,4
1068,10
1069,4
1070,18
1071,4
1072,4
1073,18
1074,17
1075,8
1076,12
1077,11
1078,10
1079,18
1080,23
1081,3
1082,17
1083,14
1084,23
1085,17
1086,14
1087,0
1088,9
1089,14
1090,10
1091,19
1092,11
1093,15
1094,0
1095,22
1096,21
1097,5
1098,20
1099,19
1100,17
1101,20
1102,16
1103,19
1104,14
1105,11
1106,13
1107,22
1108,8
1109,15
1110,16
1111,19
1112,17
1113,15
1114,10
1115,17
1116,11
1117,15
1118,17
1119,18
1120,4
1121,15
1122,3
1123,11
1124,13
1125,15
1126,12
1127,15
1128,23
1129,11
1130,13
1131,17
1132,13
1133,9
1134,17
1135,15
1136,15
1137,2
1138,11
1139,4
1140,11
1141,11
1142,14
1143,13
1144,15
1145,10
1146,17
1147,16
1148,17
1149,18
1150,14
1151,4
1152,11
1153,17
1154,13
1155,16
1156,10
1157,15
1158,19
1159,19
1160,23
1161,15
1162,18
1163,15
1164,18
1165,0
1166,21
1167,11
1168,21
1169,16
1170,10
1171,4
1172,15
1173,15
1174,15
1175,17
1176,15
1177,3
1178,6
1179,5
1180,14
1181,22
1182,0
1183,20
1184,15
1185,23
1186,4
1187,21
1188,4
1189,20
1190,15
1191,23
1192,20
1193,19
1194,11
1195,14
1196,11
1197,11
1198,5
1199,11
1200,17
1201,11
1202,21
1203,17
1204,14
1205,11
1206,14
1207,19
1208,9
1209,23
1210,4
1211,14
1212,16
1213,14
1214,9
1215,4
1216,5
1217,19
1218,23
1219,20
1220,22
1221,4
1222,15
1223,14
1224,15
1225,13
1226,21
1227,10
1228,4
1229,15
1230,11
1231,13
1232,15
1233,4
1234,23
1235,20
1236,16
1237,19
1238,13
1239,15
1240,9
1241,19
1242,13
1243,15
1244,5
1245,13
1246,11
1247,10
1248,4
1249,19
1250,13
1251,3
1252,13
1253,11
1254,11
1255,5
1256,12
1257,15
1258,19
1259,3
1260,23
1261,19
1262,3
1263,21
1264,2
1265,2
1266,13
1267,10
1268,11
1269,16
1270,18
1271,3
1272,19
1273,17
1274,14
1275,11
1276,19
1277,10
1278,13
1279,9
1280,22
1281,15
1282,8
1283,22
1284,11
1285,15
1286,11
1287,9
1288,13
1289,20
1290,0
1291,11
1292,5
1293,15
1294,20
1295,13
1296,4
1297,15
1298,17
1299,17
1300,15
1301,12
1302,10
1303,0
1304,3
1305,11
1306,22
1307,11
1308,18
1309,9
1310,5
1311,1
1312,19
1313,22
1314,22
1315,11
1316,1
1317,3
1318,18
1319,5
1320,17
1321,19
1322,22
1323,23
1324,11
1325,0
1326,17
1327,4
1328,2
1329,5
1330,13
1331,11
1332,11
1333,9
1334,15
1335,4
1336,0
1337,15
1338,0
1339,14
1340,23
1341,15
1342,4
1343,17
1344,0
1345,15
1346,4
1347,13
1348,21
1349,11
1350,11
1351,5
1352,15
1353,11
1354,22
1355,15
1356,11
1357,4
1358,4
1359,19
1360,11
1361,11
1362,17
1363,18
1364,9
1365,0
1366,3
1367,23
1368,18
1369,17
1370,17
1371,15
1372,11
1373,0
1374,14
1375,11
1376,14
1377,22
1378,15
1379,5
1380,11
1381,4
1382,14
1383,15
1384,16
1385,16
1386,10
1387,3
1388,11
1389,22
1390,15
1391,18
1392,4
1393,17
1394,11
1395,4
1396,3
1397,10
1398,4
1399,19
1400,19
1401,15
1402,14
1403,22
1404,3
1405,4
1406,17
1407,13
1408,22
1409,22
1410,14
1411,15
1412,11
1413,10
1414,15
1415,0
1416,23
1417,15
1418,9
1419,23
1420,23
1421,18
1422,20
1423,17
1424,19
1425,16
1426,11
1427,17
1428,17
1429,1
1430,9
1431,18
1432,17
1433,5
1434,17
1435,15
1436,21
1437,14
1438,3
1439,23
1440,20
1441,14
1442,15
1443,11
1444,15
1445,13
1446,9
1447,11
1448,13
1449,3
1450,12
1451,15
1452,2
1453,13
1454,9
1455,8
1456,4
1457,9
1458,23
1459,17
1460,13
1461,19
1462,21
1463,10
1464,17
1465,2
1466,18
1467,23
1468,15
1469,23
1470,5
1471,21
1472,19
1473,22
1474,8
1475,10
1476,4
1477,19
1478,15
1479,22
1480,4
1481,13
1482,4
1483,10
1484,23
1485,4
1486,19
1487,19
1488,2
1489,4
1490,9
1491,4
1492,15
1493,4
1494,12
1495,10
1496,15
1497,13
1498,11
1499,15
1500,18
1501,0
1502,1
1503,23
1504,10
1505,13
1506,3
1507,11
1508,11
1509,4
1510,5
1511,23
1512,10
1513,21
1514,11
1515,15
1516,22
1517,4
1518,18
1519,11
1520,5
1521,15
1522,9
1523,20
1524,9
1525,15
1526,14
1527,4
1528,9
1529,23
1530,16
1531,5
1532,14
1533,9
1534,22
1535,15
1536,9
1537,23
1538,0
1539,9
1540,17
1541,11
1542,17
1543,23
1544,14
1545,4
1546,21
1547,11
1548,14
1549,15
1550,19
1551,10
1552,17
1553,4
1554,5
1555,19
1556,20
1557,8
1558,5
1559,11
1560,17
1561,9
1562,3
1563,17
1564,11
1565,8
1566,4
1567,16
1568,10
1569,4
1570,17
1571,8
1572,2
1573,16
1574,3
1575,14
1576,4
1577,3
1578,21
1579,14
1580,11
1581,15
1582,11
1583,11
1584,8
1585,11
1586,15
1587,5
1588,15
1589,11
1590,4
1591,4
1592,22
1593,17
1594,9
1595,2
1596,20
1597,15
1598,15
1599,1
1600,23
1601,11
1602,19
1603,11
1604,9
1605,20
1606,0
1607,23
1608,14
1609,13
1610,15
1611,11
1612,8
1613,15
1614,22
1615,3
1616,13
1617,0
1618,4
1619,18
1620,21
1621,10
1622,19
1623,9
1624,15
1625,7
1626,17
1627,3
1628,2
1629,4
1630,5
1631,13
1632,11
1633,22
1634,1
1635,19
1636,23
1637,17
1638,21
1639,14
1640,11
1641,11
1642,20
1643,11
1644,11
1645,15
1646,1
1647,11
1648,15
1649,13
1650,14
1651,5
1652,23
1653,11
1654,5
1655,4
1656,1
1657,11
1658,15
1659,15
1660,4
1661,3
1662,4
1663,19
1664,11
1665,15
1666,16
1667,15
1668,10
1669,12
1670,19
1671,2
1672,18
1673,4
1674,4
1675,23
1676,6
1677,16
1678,11
1679,23
1680,19
1681,15
1682,9
1683,21
1684,0
1685,9
1686,19
1687,13
1688,10
1689,11
1690,15
1691,21
1692,23
1693,10
1694,13
1695,13
1696,17
1697,20
1698,14
1699,10
1700,13
1701,22
1702,9
1703,15
1704,4
1705,8
1706,19
1707,4
1708,18
1709,17
1710,10
1711,4
1712,0
1713,11
1714,12
1715,11
1716,11
1717,3
1718,19
1719,3
1720,11
1721,18
1722,15
1723,17
1724,10
1725,1
1726,14
1727,3
1728,4
1729,10
1730,10
1731,11
1732,4
1733,15
1734,13
1735,19
1736,13
1737,11
1738,18
1739,9
1740,15
1741,22
1742,13
1743,11
1744,11
1745,0
1746,5
1747,4
1748,4
1749,11
1750,5
1751,17
1752,15
1753,11
1754,21
1755,11
1756,15
1757,15
1758,11
1759,17
1760,13
1761,23
1762,15
1763,12
1764,11
1765,15
1766,19
1767,16
1768,15
1769,15
1770,5
1771,11
1772,4
1773,3
1774,12
1775,17
1776,3
1777,9
1778,11
1779,11
1780,11
1781,11
1782,4
1783,4
1784,8
1785,5
1786,15
1787,22
1788,14
1789,15
1790,19
1791,21
1792,11
1793,0
1794,2
1795,4
1796,3
1797,8
1798,11
1799,15
1800,14
1801,17
1802,15
1803,3
1804,5
1805,11
1806,23
1807,11
1808,2
1809,15
1810,19
1811,16
1812,21
1813,11
1814,13
1815,17
1816,4
1817,9
1818,4
1819,15
1820,11
1821,11
1822,19
1823,3
1824,17
1825,5
1826,5
1827,10
1828,13
1829,11
1830,0
1831,10
1832,17
1833,23
1834,17
1835,23
1836,16
1837,22
1838,14
1839,9
1840,15
1841,5
1842,15
1843,14
1844,18
1845,5
1846,4
1847,19
1848,15
1849,4
1850,11
1851,23
1852,14
1853,6
1854,11
1855,23
1856,23
1857,15
1858,17
1859,14
1860,15
1861,17
1862,19
1863,19
1864,12
1865,11
1866,19
1867,15
1868,15
1869,23
1870,21
1871,4
1872,13
1873,11
1874,5
1875,2
1876,13
1877,19
1878,22
1879,15
1880,15
1881,10
1882,14
1883,19
1884,9
1885,11
1886,15
1887,16
1888,15
1889,21
1890,20
1891,11
1892,20
1893,11
1894,9
1895,14
1896,3
1897,15
1898,4
1899,5
1900,4
1901,3
1902,20
1903,14
1904,15
1905,11
1906,19
1907,11
1908,4
1909,23
1910,11
1911,15
1912,18
1913,17
1914,21
1915,17
1916,1
1917,13
1918,15
1919,3
1920,4
1921,13
1922,5
1923,23
1924,15
1925,1
1926,11
1927,0
1928,14
1929,1
1930,2
1931,15
1932,17
1933,18
1934,10
1935,11
1936,11
1937,9
1938,14
1939,20
1940,4
1941,10
1942,2
1943,18
1944,11
1945,21
1946,6
1947,15
1948,11
1949,20
1950,4
1951,15
1952,11
1953,16
1954,15
1955,15
1956,19
1957,4
1958,15
1959,20
1960,4
1961,5
1962,15
1963,11
1964,21
1965,23
1966,0
1967,9
1968,5
1969,13
1970,19
1971,23
1972,1
1973,14
1974,3
1975,10
1976,8
1977,17
1978,11
1979,14
1980,15
1981,15
1982,17
1983,19
1984,2
1985,18
1986,15
1987,4
1988,3
1989,15
1990,14
1991,17
1992,8
1993,17
1994,13
1995,20
1996,4
1997,14
1998,9
1999,11
2000,19
2001,12
2002,2
2003,13
2004,3
2005,19
2006,5
2007,19
2008,4
2009,10
2010,14
2011,2
2012,15
2013,11
2014,4
2015,22
2016,11
2017,22
2018,16
2019,12
2020,11
2021,13
2022,0
2023,15
2024,3
2025,11
2026,13
2027,11
2028,13
2029,15
2030,13
2031,4
2032,11
2033,8
2034,18
2035,15
2036,18
2037,19
2038,9
2039,17
2040,11
2041,1
2042,0
2043,10
2044,3
2045,5
2046,10
2047,9
2048,3
2049,13
2050,8
2051,11
2052,22
2053,2
2054,11
2055,18
2056,23
2057,15
2058,21
2059,17
2060,15
2061,17
2062,0
2063,5
2064,14
2065,14
2066,3
2067,12
2068,10
2069,4
2070,19
2071,11
2072,21
2073,19
2074,15
2075,11
2076,11
2077,17
2078,15
2079,12
2080,17
2081,21
2082,11
2083,9
2084,19
2085,17
2086,15
2087,20
2088,5
2089,5
2090,15
2091,11
2092,3
2093,19
2094,11
2095,19
2096,11
2097,1
2098,1
2099,4
2100,16
2101,20
2102,19
2103,15
2104,11
2105,20
2106,11
2107,3
2108,14
2109,23
2110,18
2111,9
2112,15
2113,15
2114,0
2115,11
2116,23
2117,15
2118,11
2119,17
2120,16
2121,11
2122,19
2123,15
2124,19
2125,5
2126,9
2127,2
2128,5
2129,13
2130,4
2131,13
2132,18
2133,17
2134,11
2135,1
2136,20
2137,22
2138,23
2139,9
2140,4
2141,15
2142,15
2143,14
2144,10
2145,22
2146,23
2147,17
2148,11
2149,5
2150,11
2151,11
2152,17
2153,11
2154,9
2155,11
2156,23
2157,20
2158,7
2159,20
2160,4
2161,15
2162,9
2163,16
2164,4
2165,13
2166,14
2167,5
2168,13
2169,18
2170,3
2171,4
2172,17
2173,9
2174,19
2175,22
2176,15
2177,15
2178,3
2179,10
2180,12
2181,13
2182,4
2183,0
2184,11
2185,14
2186,20
2187,10
2188,13
2189,11
2190,17
2191,14
2192,18
2193,9
2194,11
2195,4
2196,4
2197,13
2198,4
2199,15
2200,15
2201,5
2202,2
2203,11
2204,18
2205,10
2206,4
2207,11
2208,11
2209,19
2210,9
2211,11
2212,15
2213,5
2214,10
2215,9
2216,20
2217,19
2218,11
2219,15
2220,21
2221,3
2222,14
2223,23
2224,15
2225,9
2226,15
2227,15
2228,15
2229,13
2230,14
2231,11
2232,17
2233,16
2234,22
2235,4
2236,11
2237,19
2238,14
2239,16
2240,19
2241,17
2242,15
2243,11
2244,14
2245,4
2246,19
2247,17
2248,21
2249,9
2250,14
2251,17
2252,23
2253,11
2254,11
2255,16
2256,11
2257,2
2258,11
2259,11
2260,4
2261,4
2262,9
2263,13
2264,17
2265,7
2266,16
2267,2
2268,15
2269,15
2270,9
2271,5
2272,15
2273,4
2274,11
2275,11
2276,11
2277,22
2278,9
2279,15
2280,15
2281,19
2282,11
2283,11
2284,0
2285,14
2286,9
2287,10
2288,4
2289,5
2290,15
2291,21
2292,16
2293,7
2294,9
2295,19
2296,22
2297,5
2298,1
2299,22
2300,5
2301,15
2302,9
2303,5
2304,19
2305,21
2306,11
2307,18
2308,18
2309,22
2310,3
2311,3
2312,15
2313,19
2314,13
2315,19
2316,13
2317,20
2318,17
2319,4
2320,23
2321,14
2322,11
2323,0
2324,11
2325,22
2326,7
2327,11
2328,22
2329,15
2330,17
2331,16
2332,17
2333,19
2334,10
2335,22
2336,15
2337,11
2338,11
2339,11
2340,15
2341,11
2342,15
2343,11
2344,11
2345,10
2346,17
2347,11
2348,13
2349,3
2350,11
2351,22
2352,12
2353,9
2354,17
2355,3
2356,11
2357,22
2358,18
2359,4
2360,15
2361,23
2362,18
2363,19
2364,2
2365,20
2366,6
2367,9
2368,22
2369,13
2370,23
2371,15
2372,16
2373,2
2374,22
2375,23
2376,4
2377,18
2378,19
2379,3
2380,3
2381,10
2382,15
2383,11
2384,19
2385,2
2386,10
2387,4
2388,21
2389,21
2390,19
2391,11
2392,13
2393,11
2394,5
2395,0
2396,4
2397,9
2398,13
2399,10
2400,15
2401,23
2402,23
2403,15
2404,14
2405,23
2406,4
2407,11
2408,17
2409,4
2410,4
2411,17
2412,20
2413,9
2414,9
2415,23
2416,13
2417,17
2418,17
2419,11
2420,17
2421,17
2422,11
2423,11
2424,19
2425,13
2426,9
2427,23
2428,0
2429,20
2430,1
2431,15
2432,4
2433,20
2434,15
2435,23
2436,5
2437,23
2438,9
2439,19
2440,14
2441,2
2442,13
2443,13
2444,23
2445,15
2446,10
2447,9
2448,3
2449,14
2450,5
2451,14
2452,15
2453,11
2454,19
2455,0
2456,6
2457,4
2458,23
2459,15
2460,11
2461,4
2462,18
2463,13
2464,11
2465,11
2466,12
2467,20
2468,19
2469,16
2470,4
2471,15
2472,14
2473,22
2474,17
2475,5
2476,19
2477,13
2478,21
2479,21
2480,0
2481,15
2482,2
2483,17
2484,11
2485,11
2486,14
2487,4
2488,20
2489,4
2490,15
2491,23
2492,4
2493,9
2494,22
2495,1
2496,13
2497,4
2498,17
2499,11
2500,15
2501,15
2502,0
2503,15
2504,9
2505,15
2506,16
2507,2
2508,3
2509,11
2510,15
2511,7
2512,11
2513,13
2514,4
2515,21
2516,11
2517,11
2518,9
2519,4
2520,15
2521,21
2522,11
2523,17
2524,8
2525,16
2526,23
2527,19
2528,10
2529,1
2530,8
2531,23
2532,7
2533,13
2534,19
2535,11
2536,13
2537,19
2538,11
2539,15
2540,20
2541,18
2542,17
2543,10
2544,19
2545,1
2546,9
2547,19
2548,15
2549,19
2550,7
2551,17
2552,9
2553,23
2554,11
2555,5
2556,18
2557,19
2558,12
2559,23
2560,13
2561,11
2562,0
2563,11
2564,3
2565,10
2566,10
2567,10
2568,18
2569,11
2570,15
2571,15
2572,13
2573,3
2574,11
2575,15
2576,15
2577,21
2578,9
2579,18
2580,15
2581,11
2582,5
2583,19
2584,11
2585,3
2586,11
2587,15
2588,19
2589,15
2590,19
2591,4
2592,23
2593,4
2594,21
2595,4
2596,4
2597,19
2598,19
2599,5
2600,11
2601,15
2602,21
2603,13
2604,15
2605,17
2606,12
2607,13
2608,17
2609,13
2610,5
2611,23
2612,19
2613,10
2614,5
2615,22
2616,12
2617,23
2618,6
2619,17
2620,4
2621,11
2622,4
2623,0
2624,4
2625,11
2626,15
2627,5
2628,11
2629,11
2630,3
2631,11
2632,15
2633,18
2634,14
2635,5
2636,9
2637,11
2638,14
2639,23
2640,0
2641,15
2642,1
2643,19
2644,19
2645,11
2646,18
2647,15
2648,11
2649,17
2650,15
2651,9
2652,11
2653,4
2654,15
2655,18
2656,11
2657,17
2658,17
2659,14
2660,21
2661,12
2662,0
2663,5
2664,15
2665,17
2666,23
2667,4
2668,23
2669,13
2670,21
2671,10
2672,22
2673,10
2674,15
2675,19
2676,10
2677,9
2678,13
2679,10
2680,3
2681,19
2682,12
2683,7
2684,15
2685,19
2686,15
2687,10
2688,15
2689,13
2690,11
2691,9
2692,13
2693,15
2694,3
2695,11
2696,17
2697,18
2698,10
2699,15
2700,9
2701,20
2702,0
2703,4
2704,18
2705,20
2706,20
2707,1
2708,15
2709,21
2710,3
2711,11
2712,15
2713,13
2714,21
2715,5
2716,12
2717,9
2718,15
2719,12
2720,11
2721,5
2722,19
2723,17
2724,19
2725,4
2726,18
2727,4
2728,5
2729,15
2730,21
2731,3
2732,17
2733,11
2734,13
2735,11
2736,11
2737,10
2738,3
2739,11
2740,11
2741,4
2742,15
2743,15
2744,23
2745,11
2746,13
2747,11
2748,12
2749,13
2750,11
2751,1
2752,19
2753,11
2754,11
2755,16
2756,14
2757,20
2758,15
2759,5
2760,18
2761,4
2762,4
2763,20
2764,13
2765,21
2766,8
2767,15
2768,15
2769,1
2770,9
2771,13
2772,17
2773,13
2774,14
2775,3
2776,5
2777,15
2778,14
2779,11
2780,4
2781,11
2782,19
2783,9
2784,5
2785,9
2786,20
2787,13
2788,14
2789,3
2790,14
2791,21
2792,2
2793,11
2794,5
2795,3
2796,20
2797,10
2798,13
2799,23
2800,19
2801,10
2802,20
2803,9
2804,17
2805,11
2806,10
2807,9
2808,15
2809,11
2810,8
2811,17
2812,13
2813,19
2814,3
2815,17
2816,5
2817,15
2818,15
2819,15
2820,3
2821,5
2822,15
2823,15
2824,12
2825,14
2826,4
2827,10
2828,2
2829,15
2830,11
2831,15
2832,9
2833,23
2834,11
2835,14
2836,14
2837,5
2838,4
2839,23
2840,15
2841,4
2842,20
2843,14
2844,15
2845,19
2846,9
2847,4
2848,15
2849,13
2850,14
2851,0
2852,15
2853,22
2854,11
2855,4
2856,9
2857,17
2858,21
2859,14
2860,4
2861,13
2862,13
2863,9
2864,15
2865,9
2866,2
2867,11
2868,21
2869,15
2870,4
2871,23
2872,17
2873,13
2874,21
2875,11
2876,13
2877,18
2878,4
2879,14
2880,4
2881,11
2882,17
2883,2
2884,18
2885,18
2886,23
2887,12
2888,21
2889,17
2890,9
2891,11
2892,15
2893,9
2894,18
2895,5
2896,21
2897,14
2898,15
2899,21
2900,15
2901,5
2902,9
2903,21
2904,11
2905,2
2906,14
2907,20
2908,5
2909,13
2910,13
2911,11
2912,11
2913,2
2914,17
2915,0
2916,11
2917,14
2918,11
2919,1
2920,3
2921,7
2922,14
2923,4
2924,12
2925,3
2926,21
2927,20
2928,15
2929,17
2930,17
2931,11
2932,3
2933,19
2934,11
2935,2
2936,21
2937,4
2938,15
2939,4
2940,23
2941,15
2942,21
2943,17
2944,17
2945,5
2946,21
2947,0
2948,15
2949,12
2950,10
2951,21
2952,11
2953,18
2954,15
2955,23
2956,19
2957,15
2958,9
2959,4
2960,5
2961,11
2962,15
2963,19
2964,0
2965,15
2966,15
2967,19
2968,9
2969,23
2970,11
2971,20
2972,23
2973,11
2974,20
2975,4
2976,9
2977,11
2978,19
2979,18
2980,4
2981,23
2982,4
2983,15
2984,17
2985,15
2986,4
2987,10
2988,15
2989,9
2990,14
2991,15
2992,19
2993,10
2994,11
2995,14
2996,11
2997,17
2998,9
2999,15
3000,11
3001,15
3002,11
3003,15
3004,13
3005,11
3006,14
3007,11
3008,14
3009,5
3010,16
3011,4
3012,9
3013,15
3014,17
3015,2
3016,1
3017,11
3018,11
3019,15
3020,4
3021,11
3022,2
3023,10
3024,10
3025,17
3026,1
3027,15
3028,15
3029,4
3030,4
3031,0
3032,15
3033,13
3034,11
3035,23
3036,14
3037,11
3038,17
3039,23
3040,13
3041,11
3042,4
3043,15
3044,11
3045,11
3046,19
3047,19
3048,20
3049,11
3050,10
3051,11
3052,11
3053,19
3054,5
3055,13
3056,12
3057,18
3058,2
3059,9
3060,11
3061,5
3062,9
3063,21
3064,17
3065,3
3066,3
3067,18
3068,10
3069,14
3070,20
3071,1
3072,3
3073,11
3074,9
3075,17
3076,11
3077,15
3078,22
3079,19
3080,15
3081,19
3082,17
3083,23
3084,5
3085,23
3086,15
3087,15
3088,20
3089,13
3090,23
3091,20
3092,12
3093,14
3094,19
3095,11
3096,5
3097,15
3098,4
3099,11
3100,3
3101,9
3102,13
3103,11
3104,10
3105,3
3106,11
3107,17
3108,4
3109,11
3110,5
3111,2
3112,4
3113,8
3114,5
3115,1
3116,2
3117,13
3118,14
3119,23
3120,15
3121,15
3122,10
3123,15
3124,11
3125,11
3126,15
3127,9
3128,17
3129,4
3130,15
3131,20
3132,15
3133,19
3134,15
3135,14
3136,19
3137,22
3138,0
3139,3
3140,18
3141,21
3142,11
3143,22
3144,2
3145,1
3146,15
3147,11
3148,4
3149,17
3150,10
3151,15
3152,13
3153,23
3154,9
3155,19
3156,14
3157,21
3158,15
3159,13
3160,9
3161,19
3162,4
3163,0
3164,5
3165,17
3166,14
3167,13
3168,11
3169,14
3170,20
3171,14
3172,23
3173,19
3174,10
3175,23
3176,11
3177,9
3178,15
3179,15
3180,23
3181,20
3182,21
3183,11
3184,9
3185,8
3186,17
3187,5
3188,11
3189,9
3190,11
3191,3
3192,12
3193,9
3194,15
3195,11
3196,13
3197,10
3198,13
3199,11
3200,10
3201,1
3202,13
3203,11
3204,7
3205,10
3206,5
3207,4
3208,5
3209,15
3210,13
3211,4
3212,10
3213,17
3214,4
3215,20
3216,15
3217,21
3218,0
3219,15
3220,15
3221,18
3222,11
3223,1
3224,6
3225,14
3226,16
3227,18
3228,11
3229,14
3230,14
3231,17
3232,21
3233,18
3234,4
3235,14
3236,15
3237,15
3238,20
3239,1
3240,10
3241,17
3242,5
3243,11
3244,10
3245,17
3246,15
3247,11
3248,0
3249,5
3250,21
3251,10
3252,17
3253,13
3254,19
3255,9
3256,9
3257,4
3258,14
3259,17
3260,17
3261,20
3262,10
3263,2
3264,15
3265,23
3266,23
3267,12
3268,11
3269,13
3270,20
3271,5
3272,10
3273,15
3274,9
3275,4
3276,15
3277,18
3278,13
3279,17
3280,5
3281,21
3282,11
3283,15
3284,11
3285,23
3286,14
3287,11
3288,11
3289,13
3290,9
3291,10
3292,15
3293,21
3294,3
3295,22
3296,23
3297,17
3298,16
3299,21
3300,13
3301,17
3302,14
3303,19
3304,15
3305,11
3306,23
3307,9
3308,13
3309,22
3310,20
3311,19
3312,11
3313,15
3314,5
3315,4
3316,4
3317,11
3318,10
3319,1
3320,9
3321,16
3322,23
3323,18
3324,21
3325,18
3326,1
3327,11
3328,14
3329,3
3330,14
3331,15
3332,18
3333,11
3334,19
3335,14
3336,15
3337,4
3338,10
3339,15
3340,13
3341,11
3342,23
3343,14
3344,17
3345,15
3346,12
3347,13
3348,5
3349,14
3350,13
3351,10
3352,5
3353,11
3354,10
3355,9
3356,15
3357,18
3358,11
3359,11
3360,5
3361,2
3362,11
3363,17
3364,23
3365,3
3366,10
3367,13
3368,3
3369,22
3370,14
3371,22
3372,15
3373,14
3374,18
3375,4
3376,11
3377,21
3378,16
3379,15
3380,17
3381,13
3382,0
3383,8
3384,4
3385,21
3386,11
3387,11
3388,19
3389,17
3390,19
3391,4
3392,13
3393,2
3394,11
3395,4
3396,0
3397,17
3398,17
3399,14
3400,14
3401,15
3402,18
3403,11
3404,3
3405,23
3406,19
3407,10
3408,11
3409,21
3410,23
3411,15
3412,9
3413,13
3414,9
3415,15
3416,15
3417,18
3418,13
3419,14
3420,22
3421,15
3422,19
3423,15
3424,15
3425,20
3426,10
3427,15
3428,13
3429,4
3430,16
3431,19
3432,15
3433,9
3434,13
3435,4
3436,15
3437,8
3438,10
3439,15
3440,17
3441,15
3442,7
3443,23
3444,15
3445,11
3446,13
3447,17
3448,11
3449,17
3450,18
3451,4
3452,14
3453,4
3454,9
3455,18
3456,15
3457,11
3458,15
3459,11
3460,10
3461,15
3462,3
3463,4
3464,5
3465,15
3466,15
3467,13
3468,15
3469,11
3470,17
3471,13
3472,12
3473,17
3474,23
3475,17
3476,9
3477,12
3478,9
3479,14
3480,11
3481,17
3482,21
3483,19
3484,4
3485,15
3486,5
3487,4
3488,9
3489,18
3490,21
3491,13
3492,5
3493,13
3494,22
3495,15
3496,15
3497,4
3498,22
3499,11
3500,14
3501,14
3502,15
3503,4
3504,3
3505,4
3506,11
3507,9
3508,3
3509,15
3510,0
3511,17
3512,11
3513,14
3514,5
3515,5
3516,4
3517,10
3518,13
3519,7
3520,17
3521,22
3522,13
3523,21
3524,7
3525,23
3526,10
3527,9
3528,17
3529,10
3530,14
3531,13
3532,15
3533,22
3534,4
3535,20
3536,4
3537,11
3538,15
3539,4
3540,10
3541,15
3542,4
3543,17
3544,17
3545,4
3546,14
3547,16
3548,13
3549,20
3550,5
3551,11
3552,11
3553,15
3554,14
3555,19
3556,16
3557,11
3558,11
3559,20
3560,12
3561,5
3562,23
3563,11
3564,20
3565,7
3566,18
3567,3
3568,11
3569,9
3570,11
3571,12
3572,5
3573,7
3574,13
3575,10
3576,0
3577,15
3578,15
3579,21
3580,20
3581,19
3582,18
3583,13
3584,3
3585,21
3586,14
3587,4
3588,15
3589,1
3590,15
3591,15
3592,15
3593,13
3594,4
3595,1
3596,14
3597,20
3598,13
3599,19
3600,18
3601,9
3602,9
3603,23
3604,11
3605,4
3606,11
3607,18
3608,17
3609,22
3610,11
3611,19
3612,23
3613,4
3614,1
3615,10
3616,3
3617,5
3618,11
3619,23
3620,4
3621,19
3622,13
3623,20
3624,5
3625,5
3626,4
3627,4
3628,2
3629,14
3630,14
3631,14
3632,4
3633,4
3634,8
3635,15
3636,15
3637,10
3638,9
3639,11
3640,0
3641,11
3642,21
3643,4
3644,11
3645,3
3646,17
3647,17
3648,11
3649,18
3650,18
3651,23
3652,21
3653,15
3654,13
3655,19
3656,17
3657,23
3658,11
3659,15
3660,18
3661,21
3662,10
3663,18
3664,9
3665,14
3666,22
3667,22
3668,5
3669,22
3670,10
3671,18
3672,14
3673,20
3674,23
3675,23
3676,20
3677,15
3678,3
3679,10
3680,23
3681,23
3682,19
3683,11
3684,17
3685,17
3686,23
3687,4
3688,22
3689,10
3690,19
3691,1
3692,14
3693,11
3694,15
3695,11
3696,17
3697,17
3698,23
3699,13
3700,19
3701,15
3702,4
3703,1
3704,20
3705,21
3706,5
3707,19
3708,11
3709,0
3710,10
3711,4
3712,22
3713,19
3714,9
3715,11
3716,20
3717,11
3718,4
3719,12
3720,16
3721,11
3722,23
3723,19
3724,10
3725,10
3726,23
3727,4
3728,15
3729,15
3730,14
3731,19
3732,12
3733,11
3734,17
3735,18
3736,15
3737,11
3738,22
3739,17
3740,14
3741,11
3742,3
3743,11
3744,11
3745,3
3746,11
3747,17
3748,23
3749,10
3750,4
3751,4
3752,18
3753,1
3754,11
3755,4
3756,22
3757,17
3758,23
3759,14
3760,5
3761,23
3762,22
3763,15
3764,4
3765,11
3766,18
3767,5
3768,0
3769,19
3770,21
3771,5
3772,4
3773,20
3774,11
3775,11
3776,19
3777,15
3778,11
3779,3
3780,17
3781,17
3782,23
3783,4
3784,11
3785,19
3786,10
3787,5
3788,9
3789,15
3790,11
3791,23
3792,4
3793,4
3794,15
3795,1
3796,12
3797,0
3798,15
3799,20
3800,7
3801,15
3802,11
3803,7
3804,19
3805,11
3806,9
3807,3
3808,21
3809,15
3810,15
3811,13
3812,8
3813,14
3814,11
3815,14
3816,2
3817,17
3818,16
3819,19
3820,17
3821,15
3822,21
3823,11
3824,10
3825,21
3826,22
3827,11
3828,21
3829,5
3830,3
3831,15
3832,5
3833,11
3834,5
3835,14
3836,12
3837,13
3838,23
3839,13
3840,10
3841,11
3842,3
3843,11
3844,3
3845,23
3846,11
3847,15
3848,23
3849,15
3850,11
3851,9
3852,4
3853,15
3854,4
3855,14
3856,9
3857,15
3858,9
3859,14
3860,3
3861,5
3862,22
3863,17
3864,7
3865,22
3866,11
3867,11
3868,11
3869,11
3870,11
3871,11
3872,11
3873,15
3874,1
3875,1
3876,11
3877,13
3878,16
3879,3
3880,19
3881,1
3882,18
3883,14
3884,9
3885,15
3886,19
3887,9
3888,9
3889,20
3890,19
3891,15
3892,11
3893,15
3894,9
3895,3
3896,20
3897,15
3898,18
3899,19
3900,17
3901,1
3902,11
3903,14
3904,4
3905,13
3906,10
3907,20
3908,4
3909,17
3910,11
3911,11
3912,1
3913,14
3914,23
3915,15
3916,10
3917,5
3918,11
3919,1
3920,4
3921,1
3922,5
3923,13
3924,5
3925,23
3926,17
3927,12
3928,12
3929,19
3930,13
3931,4
3932,15
3933,15
3934,18
3935,4
3936,18
3937,21
3938,21
3939,15
3940,13
3941,5
3942,9
3943,4
3944,13
3945,5
3946,10
3947,5
3948,12
3949,18
3950,23
3951,19
3952,23
3953,2
3954,10
3955,9
3956,4
3957,22
3958,13
3959,10
3960,17
3961,12
3962,9
3963,20
3964,5
3965,4
3966,19
3967,3
3968,23
3969,11
3970,11
3971,19
3972,9
3973,15
3974,13
3975,14
3976,11
3977,11
3978,10
3979,21
3980,14
3981,4
3982,12
3983,0
3984,18
3985,15
3986,11
3987,3
3988,17
3989,15
3990,3
3991,11
3992,0
3993,10
3994,9
3995,20
3996,9
3997,4
3998,0
3999,15
4000,4
4001,11
4002,10
4003,9
4004,11
4005,23
4006,17
4007,11
4008,23
4009,14
4010,14
4011,9
4012,4
4013,19
4014,9
4015,21
4016,14
4017,4
4018,20
4019,15
4020,15
4021,23
4022,19
4023,3
4024,7
4025,15
4026,10
4027,0
4028,15
4029,14
4030,17
4031,9
4032,10
4033,15
4034,15
4035,18
4036,13
4037,11
4038,4
4039,19
4040,15
4041,13
4042,4
4043,4
4044,11
4045,15
4046,19
4047,22
4048,19
4049,10
4050,23
4051,17
4052,11
4053,8
4054,17
4055,15
4056,15
4057,2
4058,18
4059,23
4060,11
4061,10
4062,14
4063,0
4064,4
4065,11
4066,2
4067,22
4068,2
4069,3
4070,11
4071,5
4072,23
4073,10
4074,20
4075,19
4076,4
4077,4
4078,11
4079,14
4080,15
4081,17
4082,11
4083,10
4084,5
4085,7
4086,15
4087,18
4088,14
4089,4
4090,14
4091,3
4092,17
4093,23
4094,4
4095,4
4096,11
4097,18
4098,11
4099,1
4100,23
4101,7
4102,9
4103,23
4104,0
4105,11
4106,4
4107,11
4108,10
4109,0
4110,4
4111,15
4112,9
4113,11
4114,10
4115,13
4116,20
4117,4
4118,11
4119,23
4120,16
4121,9
4122,9
4123,14
4124,4
4125,1
4126,18
4127,14
4128,21
4129,9
4130,5
4131,18
4132,22
4133,15
4134,11
4135,10
4136,23
4137,15
4138,14
4139,18
4140,11
4141,2
4142,17
4143,9
4144,0
4145,19
4146,23
4147,11
4148,0
4149,13
4150,4
4151,20
4152,23
4153,3
4154,17
4155,13
4156,15
4157,17
4158,9
4159,17
4160,11
4161,15
4162,21
4163,11
4164,13
4165,11
4166,19
4167,18
4168,15
4169,11
4170,16
4171,14
4172,14
4173,11
4174,16
4175,14
4176,7
4177,15
4178,1
4179,11
4180,10
4181,4
4182,12
4183,9
4184,4
4185,4
4186,14
4187,12
4188,15
4189,15
4190,19
4191,19
4192,16
4193,11
4194,23
4195,15
4196,20
4197,14
4198,11
4199,15
4200,17
4201,19
4202,14
4203,15
4204,4
4205,13
4206,20
4207,15
4208,14
4209,11
4210,5
4211,18
4212,15
4213,14
4214,10
4215,17
4216,4
4217,5
4218,11
4219,10
4220,17
4221,4
4222,18
4223,17
4224,15
4225,15
4226,8
4227,11
4228,13
4229,15
4230,9
4231,4
4232,15
4233,7
4234,5
4235,15
4236,20
4237,10
4238,21
4239,5
4240,5
4241,9
4242,15
4243,13
4244,11
4245,19
4246,15
4247,11
4248,5
4249,22
4250,4
4251,19
4252,11
4253,22
4254,18
4255,4
4256,13
4257,4
4258,1
4259,11
4260,14
4261,10
4262,10
4263,18
4264,18
4265,11
4266,19
4267,20
4268,5
4269,16
4270,23
4271,11
4272,14
4273,11
4274,1
4275,11
4276,9
4277,20
4278,21
4279,17
4280,9
4281,23
4282,23
4283,15
4284,7
4285,1
4286,11
4287,11
4288,11
4289,23
4290,16
4291,8
4292,11
4293,19
4294,12
4295,9
4296,17
4297,17
4298,13
4299,13
4300,20
4301,4
4302,15
4303,11
4304,15
4305,19
4306,4
4307,4
4308,19
4309,18
4310,8
4311,14
4312,9
4313,11
4314,18
4315,3
4316,11
4317,9
4318,23
4319,19
4320,17
4321,3
4322,0
4323,15
4324,4
4325,4
4326,15
4327,9
4328,15
4329,21
4330,17
4331,15
4332,9
4333,15
4334,17
4335,22
4336,13
4337,21
4338,15
4339,4
4340,5
4341,8
4342,23
4343,19
4344,4
4345,5
4346,15
4347,22
4348,2
4349,9
4350,23
4351,14
4352,12
4353,11
4354,15
4355,1
4356,7
4357,15
4358,4
4359,3
4360,17
4361,19
4362,23
4363,9
4364,10
4365,19
4366,3
4367,11
4368,18
4369,4
4370,23
4371,13
4372,3
4373,15
4374,12
4375,17
4376,22
4377,4
4378,4
4379,4
4380,17
4381,15
4382,5
4383,11
4384,12
4385,18
4386,10
4387,19
4388,14
4389,22
4390,20
4391,4
4392,16
4393,11
4394,11
4395,18
4396,19
4397,4
4398,3
4399,5
4400,9
4401,9
4402,16
4403,18
4404,20
4405,14
4406,15
4407,17
4408,4
4409,11
4410,11
4411,4
4412,2
4413,15
4414,16
4415,5
4416,19
4417,9
4418,21
4419,19
4420,15
4421,18
4422,1
4423,9
4424,9
4425,16
4426,4
4427,4
4428,1
4429,19
4430,18
4431,1
4432,1
4433,23
4434,3
4435,17
4436,9
4437,19
4438,17
4439,4
4440,1
4441,9
4442,10
4443,13
4444,12
4445,23
4446,11
4447,7
4448,20
4449,15
4450,3
4451,9
4452,15
4453,21
4454,23
4455,22
4456,15
4457,11
4458,15
4459,2
4460,0
4461,13
4462,13
4463,4
4464,5
4465,0
4466,4
4467,4
4468,11
4469,19
4470,11
4471,15
4472,9
4473,9
4474,21
4475,23
4476,17
4477,10
4478,0
4479,4
4480,4
4481,15
4482,4
4483,14
4484,4
4485,4
4486,14
4487,21
4488,5
4489,11
4490,5
4491,3
4492,22
4493,23
4494,11
4495,9
4496,10
4497,11
4498,17
4499,11
4500,4
4501,11
4502,11
4503,5
4504,15
4505,4
4506,11
4507,4
4508,23
4509,9
4510,18
4511,1
4512,15
4513,23
4514,4
4515,11
4516,15
4517,7
4518,19
4519,15
4520,15
4521,22
4522,10
4523,15
4524,4
4525,10
4526,15
4527,11
4528,15
4529,4
4530,22
4531,5
4532,21
4533,15
4534,18
4535,5
4536,13
4537,22
4538,4
4539,20
4540,13
4541,4
4542,3
4543,22
4544,11
4545,4
4546,4
4547,0
4548,10
4549,10
4550,15
4551,20
4552,4
4553,13
4554,10
4555,11
4556,19
4557,21
4558,23
4559,11
4560,22
4561,15
4562,15
4563,11
4564,1
4565,11
4566,14
4567,11
4568,10
4569,15
4570,10
4571,23
4572,20
4573,15
4574,11
4575,14
4576,11
4577,19
4578,4
4579,23
4580,14
4581,19
4582,10
4583,11
4584,11
4585,16
4586,15
4587,4
4588,18
4589,10
4590,15
4591,11
4592,19
4593,11
4594,17
4595,3
4596,0
4597,9
4598,3
4599,15
4600,15
4601,15
4602,21
4603,9
4604,23
4605,20
4606,12
4607,15
4608,0
4609,19
4610,17
4611,12
4612,14
4613,14
4614,22
4615,7
4616,11
4617,17
4618,15
4619,10
4620,17
4621,11
4622,15
4623,15
4624,15
4625,14
4626,15
4627,10
4628,18
4629,22
4630,10
4631,15
4632,22
4633,2
4634,15
4635,14
4636,18
4637,5
4638,9
4639,22
4640,4
4641,11
4642,15
4643,14
4644,1
4645,9
4646,15
4647,10
4648,8
4649,4
4650,9
4651,13
4652,5
4653,4
4654,15
4655,19
4656,20
4657,4
4658,14
4659,3
4660,14
4661,11
4662,4
4663,20
4664,14
4665,13
4666,15
4667,10
4668,15
4669,15
4670,14
4671,6
4672,5
4673,14
4674,22
4675,15
4676,21
4677,11
4678,4
4679,16
4680,1
4681,11
4682,9
4683,18
4684,1
4685,9
4686,11
4687,3
4688,15
4689,13
4690,11
4691,11
4692,21
4693,10
4694,19
4695,9
4696,19
4697,17
4698,23
4699,15
4700,10
4701,18
4702,14
4703,21
4704,11
4705,18
4706,4
4707,19
4708,3
4709,15
4710,1
4711,19
4712,18
4713,15
4714,17
4715,14
4716,15
4717,22
4718,3
4719,9
4720,11
4721,4
4722,22
4723,0
4724,9
4725,9
4726,13
4727,15
4728,5
4729,11
4730,11
4731,15
4732,10
4733,11
4734,9
4735,4
4736,5
4737,9
4738,13
4739,14
4740,4
4741,16
4742,14
4743,13
4744,9
4745,12
4746,7
4747,11
4748,15
4749,19
4750,8
4751,4
4752,15
4753,23
4754,13
4755,14
4756,10
4757,21
4758,19
4759,19
4760,19
4761,3
4762,4
4763,3
4764,20
4765,10
4766,22
4767,21
4768,19
4769,21
4770,11
4771,16
4772,4
4773,4
4774,18
4775,10
4776,11
4777,23
4778,3
4779,15
4780,4
4781,19
4782,18
4783,23
4784,14
4785,4
4786,13
4787,10
4788,11
4789,19
4790,11
4791,9
4792,5
4793,3
4794,15
4795,18
4796,18
4797,11
4798,23
4799,19
4800,17
4801,13
4802,9
4803,20
4804,11
4805,9
4806,1
4807,12
4808,9
4809,15
4810,17
4811,16
4812,14
4813,22
4814,22
4815,10
4816,11
4817,10
4818,18
4819,7
4820,3
4821,15
4822,15
4823,15
4824,2
4825,18
4826,15
4827,18
4828,1
4829,15
4830,4
4831,17
4832,0
4833,7
4834,22
4835,17
4836,5
4837,9
4838,3
4839,11
4840,9
4841,17
4842,4
4843,21
4844,11
4845,12
4846,15
4847,11
4848,16
4849,5
4850,15
4851,4
4852,11
4853,15
4854,21
4855,0
4856,5
4857,17
4858,11
4859,15
4860,10
4861,7
4862,5
4863,21
4864,18
4865,19
4866,16
4867,15
4868,15
4869,5
4870,15
4871,4
4872,14
4873,12
4874,15
4875,20
4876,0
4877,22
4878,15
4879,9
4880,17
4881,2
4882,5
4883,16
4884,15
4885,15
4886,21
4887,22
4888,13
4889,4
4890,23
4891,10
4892,11
4893,11
4894,5
4895,16
4896,9
4897,11
4898,1
4899,15
4900,9
4901,10
4902,21
4903,11
4904,13
4905,15
4906,17
4907,23
4908,23
4909,15
4910,9
4911,23
4912,15
4913,15
4914,20
4915,11
4916,16
4917,19
4918,9
4919,21
4920,9
4921,15
4922,11
4923,11
4924,3
4925,13
4926,15
4927,4
4928,11
4929,21
4930,4
4931,0
4932,19
4933,15
4934,13
4935,17
4936,21
4937,5
4938,20
4939,11
4940,15
4941,9
4942,12
4943,21
4944,4
4945,4
4946,11
4947,10
4948,15
4949,22
4950,5
4951,5
4952,23
4953,12
4954,12
4955,15
4956,5
4957,23
4958,23
4959,17
4960,11
4961,18
4962,14
4963,11
4964,4
4965,4
4966,21
4967,10
4968,14
4969,11
4970,13
4971,16
4972,3
4973,18
4974,23
4975,17
4976,7
4977,13
4978,15
4979,11
4980,9
4981,11
4982,11
4983,22
4984,15
4985,5
4986,19
4987,4
4988,1
4989,11
4990,15
4991,18
4992,2
4993,10
4994,22
4995,18
4996,11
4997,5
4998,22
4999,15
5000,19
5001,1
5002,15
5003,15
5004,17
5005,15
5006,15
5007,5
5008,13
5009,15
5010,4
5011,17
5012,20
5013,18
5014,11
5015,11
5016,22
5017,21
5018,9
5019,11
5020,5
5021,15
5022,11
5023,19
5024,11
5025,10
5026,19
5027,13
5028,15
5029,13
5030,21
5031,5
5032,13
5033,4
5034,9
5035,16
5036,11
5037,20
5038,4
5039,10
5040,0
5041,11
5042,14
5043,23
5044,17
5045,15
5046,23
5047,4
5048,21
5049,11
5050,11
5051,23
5052,13
5053,7
5054,11
5055,11
5056,12
5057,2
5058,22
5059,19
5060,14
5061,11
5062,15
5063,22
5064,14
5065,13
5066,15
5067,15
5068,18
5069,3
5070,13
5071,11
5072,9
5073,18
5074,22
5075,2
5076,0
5077,23
5078,19
5079,8
5080,9
5081,13
5082,17
5083,15
5084,17
5085,15
5086,10
5087,22
5088,11
5089,11
5090,10
5091,13
5092,13
5093,18
5094,11
5095,23
5096,12
5097,5
5098,11
5099,14
5100,19
5101,1
5102,17
5103,15
5104,11
5105,6
5106,4
5107,11
5108,14
5109,12
5110,23
5111,15
5112,13
5113,12
5114,15
5115,21
5116,19
5117,11
5118,19
5119,4
5120,18
5121,12
5122,13
5123,15
5124,21
5125,20
5126,6
5127,13
5128,15
5129,9
5130,11
5131,0
5132,0
5133,14
5134,9
5135,14
5136,0
5137,0
5138,3
5139,17
5140,11
5141,15
5142,4
5143,20
5144,13
5145,0
5146,5
5147,15
5148,11
5149,13
5150,1
5151,9
5152,23
5153,15
5154,18
5155,15
5156,20
5157,11
5158,13
5159,11
5160,19
5161,14
5162,11
5163,15
5164,3
5165,15
5166,2
5167,15
5168,15
5169,20
5170,11
5171,0
5172,15
5173,19
5174,5
5175,11
5176,10
5177,23
5178,11
5179,11
5180,19
5181,8
5182,14
5183,14
5184,19
5185,17
5186,15
5187,2
5188,15
5189,19
5190,21
5191,4
5192,18
5193,13
5194,15
5195,11
5196,15
5197,4
5198,20
5199,16
5200,5
5201,19
5202,7
5203,23
5204,3
5205,2
5206,15
5207,8
5208,15
5209,11
5210,11
5211,15
5212,17
5213,11
5214,17
5215,8
5216,14
5217,0
5218,19
5219,4
5220,14
5221,15
5222,17
5223,15
5224,21
5225,0
5226,7
5227,17
5228,11
5229,9
5230,17
5231,11
5232,9
5233,1
5234,11
5235,15
5236,15
5237,1
5238,11
5239,10
5240,18
5241,3
5242,18
5243,10
5244,11
5245,9
5246,17
5247,17
5248,22
5249,5
5250,11
5251,11
5252,11
5253,15
5254,23
5255,22
5256,11
5257,15
5258,14
5259,11
5260,5
5261,15
5262,10
5263,21
5264,14
5265,21
5266,15
5267,5
5268,15
5269,9
5270,4
5271,18
5272,11
5273,19
5274,12
5275,15
5276,17
5277,4
5278,11
5279,21
5280,0
5281,15
5282,19
5283,11
5284,17
5285,15
5286,15
5287,11
5288,11
5289,11
5290,20
5291,10
5292,15
5293,21
5294,9
5295,12
5296,4
5297,12
5298,13
5299,7
5300,10
5301,9
5302,5
5303,3
5304,15
5305,22
5306,11
5307,3
5308,11
5309,9
5310,9
5311,14
5312,1
5313,14
5314,3
5315,3
5316,2
5317,3
5318,3
5319,4
5320,2
5321,22
5322,11
5323,4
5324,4
5325,1
5326,9
5327,15
5328,23
5329,4
5330,11
5331,0
5332,3
5333,5
5334,10
5335,12
5336,22
5337,1
5338,13
5339,11
5340,18
5341,17
5342,21
5343,19
5344,22
5345,3
5346,8
5347,15
5348,10
5349,3
5350,17
5351,10
5352,13
5353,9
5354,0
5355,13
5356,22
5357,4
5358,17
5359,1
5360,17
5361,19
5362,16
5363,11
5364,11
5365,11
5366,10
5367,1
5368,4
5369,11
5370,11
5371,3
5372,11
5373,15
5374,15
5375,19
5376,4
5377,18
5378,18
5379,11
5380,15
5381,11
5382,13
5383,15
5384,11
5385,7
5386,13
5387,22
5388,14
5389,11
5390,11
5391,23
5392,4
5393,15
5394,9
5395,11
5396,4
5397,17
5398,15
5399,11
5400,16
5401,0
5402,23
5403,15
5404,19
5405,10
5406,18
5407,15
5408,10
5409,13
5410,4
5411,11
5412,13
5413,17
5414,18
5415,20
5416,17
5417,19
5418,22
5419,10
5420,10
5421,11
5422,11
5423,21
5424,11
5425,15
5426,14
5427,19
5428,13
5429,21
5430,15
5431,13
5432,11
5433,21
5434,5
5435,18
5436,13
5437,15
5438,17
5439,22
5440,18
5441,23
5442,15
5443,11
5444,5
5445,16
5446,11
5447,12
5448,8
5449,9
5450,11
5451,15
5452,19
5453,11
5454,10
5455,15
5456,15
5457,18
5458,13
5459,14
5460,21
5461,10
5462,4
5463,11
5464,15
5465,17
5466,10
5467,11
5468,10
5469,20
5470,11
5471,15
5472,4
5473,1
5474,11
5475,12
5476,11
5477,22
5478,20
5479,17
5480,4
5481,11
5482,15
5483,14
5484,3
5485,16
5486,20
5487,9
5488,4
5489,17
5490,9
5491,22
5492,23
5493,16
5494,10
5495,15
5496,4
5497,4
5498,0
5499,15
5500,2
5501,3
5502,19
5503,4
5504,17
5505,13
5506,14
5507,11
5508,11
5509,17
5510,15
5511,10
5512,18
5513,15
5514,4
5515,17
5516,15
5517,6
5518,17
5519,10
5520,13
5521,15
5522,9
5523,15
5524,15
5525,23
5526,19
5527,21
5528,12
5529,17
5530,15
5531,4
5532,9
5533,19
5534,10
5535,15
5536,4
5537,18
5538,4
5539,11
5540,4
5541,15
5542,4
5543,11
5544,20
5545,11
5546,4
5547,19
5548,18
5549,18
5550,21
5551,14
5552,15
5553,2
5554,0
5555,2
5556,15
5557,8
5558,14
5559,15
5560,19
5561,20
5562,22
5563,17
5564,10
5565,14
5566,9
5567,10
5568,10
5569,13
5570,5
5571,9
5572,5
5573,15
5574,18
5575,22
5576,22
5577,19
5578,7
5579,22
5580,0
5581,20
5582,9
5583,4
5584,6
5585,11
5586,4
5587,14
5588,19
5589,4
5590,19
5591,17
5592,11
5593,0
5594,10
5595,4
5596,15
5597,14
5598,11
5599,23
5600,9
5601,15
5602,11
5603,17
5604,14
5605,15
5606,20
5607,11
5608,15
5609,11
5610,10
5611,15
5612,4
5613,11
5614,23
5615,17
5616,4
5617,10
5618,11
5619,15
5620,12
5621,13
5622,11
5623,23
5624,11
5625,17
5626,5
5627,2
5628,11
5629,15
5630,23
5631,9
5632,20
5633,22
5634,10
5635,12
5636,17
5637,15
5638,16
5639,9
5640,11
5641,1
5642,4
5643,4
5644,17
5645,1
5646,17
5647,11
5648,18
5649,10
5650,11
5651,20
5652,22
5653,15
5654,23
5655,22
5656,11
5657,18
5658,11
5659,20
5660,18
5661,10
5662,18
5663,11
5664,5
5665,14
5666,15
5667,21
5668,0
5669,0
5670,4
5671,14
5672,4
5673,18
5674,15
5675,16
5676,11
5677,20
5678,23
5679,15
5680,13
5681,11
5682,15
5683,12
5684,22
5685,4
5686,4
5687,3
5688,21
5689,0
5690,15
5691,23
5692,10
5693,9
5694,1
5695,3
5696,11
5697,11
5698,4
5699,4
5700,11
5701,14
5702,19
5703,13
5704,17
5705,13
5706,3
5707,15
5708,15
5709,21
5710,20
5711,14
5712,14
5713,22
5714,15
5715,9
5716,15
5717,21
5718,7
5719,9
5720,15
5721,19
5722,20
5723,19
5724,11
5725,5
5726,23
5727,15
5728,3
5729,15
5730,8
5731,19
5732,4
5733,11
5734,11
5735,14
5736,15
5737,1
5738,15
5739,17
5740,17
5741,15
5742,10
5743,3
5744,4
5745,11
5746,1
5747,3
5748,17
5749,9
5750,10
5751,21
5752,10
5753,5
5754,11
5755,22
5756,3
5757,11
5758,14
5759,9
5760,11
5761,17
5762,22
5763,15
5764,15
5765,2
5766,11
5767,15
5768,6
5769,15
5770,1
5771,13
5772,11
5773,21
5774,17
5775,11
5776,11
5777,20
5778,11
5779,15
5780,14
5781,20
5782,13
5783,13
5784,15
5785,7
5786,0
5787,4
5788,12
5789,20
5790,10
5791,19
5792,10
5793,9
5794,2
5795,13
5796,4
5797,11
5798,15
5799,11
5800,5
5801,13
5802,11
5803,17
5804,17
5805,11
5806,15
5807,11
5808,13
5809,4
5810,1
5811,12
5812,15
5813,10
5814,17
5815,17
5816,18
5817,11
5818,15
5819,19
5820,10
5821,11
5822,11
5823,11
5824,5
5825,15
5826,19
5827,11
5828,19
5829,13
5830,11
5831,17
5832,3
5833,2
5834,4
5835,10
5836,11
5837,14
5838,13
5839,11
5840,11
5841,15
5842,3
5843,15
5844,20
5845,15
5846,16
5847,16
5848,5
5849,19
5850,13
5851,15
5852,10
5853,15
5854,2
5855,5
5856,12
5857,15
5858,21
5859,23
5860,19
5861,11
5862,14
5863,23
5864,20
5865,10
5866,15
5867,0
5868,17
5869,4
5870,14
5871,17
5872,9
5873,19
5874,0
5875,15
5876,11
5877,11
5878,2
5879,15
5880,15
5881,13
5882,11
5883,20
5884,15
5885,1
5886,10
5887,11
5888,14
5889,11
5890,19
5891,20
5892,4
5893,13
5894,20
5895,19
5896,0
5897,23
5898,9
5899,16
5900,15
5901,0
5902,4
5903,18
5904,17
5905,19
5906,14
5907,11
5908,12
5909,15
5910,19
5911,9
5912,14
5913,12
5914,15
5915,20
5916,1
5917,15
5918,10
5919,9
5920,8
5921,19
5922,17
5923,9
5924,4
5925,15
5926,17
5927,4
5928,4
5929,5
5930,9
5931,15
5932,13
5933,15
5934,14
5935,5
5936,22
5937,9
5938,18
5939,11
5940,4
5941,15
5942,17
5943,10
5944,15
5945,23
5946,8
5947,13
5948,3
5949,19
5950,20
5951,1
5952,19
5953,11
5954,21
5955,13
5956,17
5957,19
5958,14
5959,13
5960,20
5961,21
5962,14
5963,11
5964,2
5965,4
5966,4
5967,0
5968,15
5969,17
5970,19
5971,17
5972,11
5973,7
5974,11
5975,23
5976,4
5977,21
5978,13
5979,20
5980,4
5981,14
5982,14
5983,17
5984,11
5985,12
5986,17
5987,15
5988,17
5989,17
5990,16
5991,17
5992,11
5993,15
5994,14
5995,11
5996,11
5997,19
5998,23
5999,5
6000,6
6001,11
6002,4
6003,15
6004,10
6005,13
6006,15
6007,9
6008,15
6009,4
6010,12
6011,13
6012,20
6013,11
6014,15
6015,13
6016,3
6017,9
6018,12
6019,3
6020,14
6021,11
6022,5
6023,11
6024,2
6025,11
6026,4
6027,11
6028,15
6029,23
6030,22
6031,11
6032,18
6033,23
6034,23
6035,0
6036,1
6037,10
6038,17
6039,3
6040,23
6041,14
6042,7
6043,15
6044,9
6045,10
6046,9
6047,23
6048,9
6049,19
6050,11
6051,11
6052,5
6053,5
6054,11
6055,4
6056,17
6057,5
6058,17
6059,12
6060,23
6061,3
6062,13
6063,9
6064,0
6065,17
6066,11
6067,15
6068,10
6069,15
6070,10
6071,19
6072,11
6073,17
6074,23
6075,22
6076,5
6077,19
6078,3
6079,5
6080,18
6081,16
6082,19
6083,19
6084,3
6085,18
6086,10
6087,21
6088,4
6089,15
6090,5
6091,23
6092,5
6093,23
6094,22
6095,15
6096,11
6097,8
6098,15
6099,9
6100,23
6101,14
6102,11
6103,11
6104,17
6105,4
6106,11
6107,20
6108,13
6109,14
6110,11
6111,18
6112,13
6113,5
6114,15
6115,5
6116,22
6117,14
6118,15
6119,20
6120,15
6121,21
6122,17
6123,15
6124,16
6125,5
6126,11
6127,17
6128,17
6129,4
6130,22
6131,17
6132,0
6133,9
6134,3
6135,20
6136,23
6137,9
6138,17
6139,11
6140,9
6141,20
6142,5
6143,15
6144,17
6145,0
6146,11
6147,7
6148,9
6149,15
6150,17
6151,23
6152,11
6153,5
6154,19
6155,17
6156,15
6157,11
6158,13
6159,9
6160,21
6161,23
6162,23
6163,2
6164,5
6165,10
6166,4
6167,16
6168,14
6169,11
6170,3
6171,19
6172,18
6173,11
6174,15
6175,20
6176,23
6177,19
6178,0
6179,13
6180,15
6181,19
6182,9
6183,4
6184,11
6185,20
6186,11
6187,11
6188,2
6189,19
6190,19
6191,11
6192,11
6193,11
6194,5
6195,10
6196,9
6197,2
6198,18
6199,14
6200,17
6201,23
6202,20
6203,17
6204,12
6205,15
6206,4
6207,23
6208,1
6209,12
6210,3
6211,9
6212,17
6213,5
6214,19
6215,19
6216,15
6217,11
6218,10
6219,5
6220,18
6221,15
6222,7
6223,11
6224,14
6225,18
6226,15
6227,14
6228,5
6229,3
6230,23
6231,23
6232,11
6233,13
6234,19
6235,21
6236,1
6237,19
6238,15
6239,15
6240,15
6241,21
6242,10
6243,20
6244,15
6245,11
6246,15
6247,11
6248,15
6249,13
6250,0
6251,9
6252,11
6253,13
6254,20
6255,4
6256,23
6257,15
6258,7
6259,10
6260,15
6261,13
6262,0
6263,17
6264,4
6265,15
6266,3
6267,10
6268,19
6269,16
6270,13
6271,11
6272,15
6273,12
6274,2
6275,4
6276,15
6277,23
6278,19
6279,23
6280,9
6281,11
6282,10
6283,4
6284,5
6285,23
6286,10
6287,13
6288,15
6289,15
6290,19
6291,11
6292,11
6293,15
6294,4
6295,15
6296,13
6297,14
6298,11
6299,9
6300,13
6301,11
6302,11
6303,15
6304,14
6305,19
6306,15
6307,9
6308,17
6309,5
6310,6
6311,11
6312,5
6313,15
6314,22
6315,13
6316,20
6317,23
6318,21
6319,11
6320,9
6321,16
6322,15
6323,16
6324,20
6325,17
6326,19
6327,17
6328,9
6329,22
6330,10
6331,3
6332,12
6333,12
6334,11
6335,16
6336,20
6337,11
6338,13
6339,21
6340,13
6341,9
6342,17
6343,20
6344,3
6345,19
6346,17
6347,3
6348,1
6349,18
6350,13
6351,17
6352,9
6353,7
6354,4
6355,10
6356,22
6357,9
6358,11
6359,18
6360,1
6361,18
6362,15
6363,23
6364,11
6365,13
6366,11
6367,0
6368,4
6369,11
6370,4
6371,4
6372,23
6373,3
6374,15
6375,14
6376,4
6377,11
6378,19
6379,19
6380,11
6381,4
6382,11
6383,17
6384,11
6385,9
6386,15
6387,10
6388,16
6389,3
6390,14
6391,20
6392,9
6393,13
6394,4
6395,16
6396,12
6397,20
6398,23
6399,23
6400,9
6401,13
6402,10
6403,23
6404,4
6405,22
6406,11
6407,21
6408,14
6409,11
6410,12
6411,2
6412,15
6413,13
6414,21
6415,20
6416,4
6417,15
6418,16
6419,9
6420,11
6421,11
6422,9
6423,13
6424,10
6425,4
6426,12
6427,4
6428,15
6429,3
6430,9
6431,14
6432,4
6433,19
6434,10
6435,11
6436,18
6437,3
6438,5
6439,10
6440,21
6441,5
6442,22
6443,15
6444,13
6445,14
6446,5
6447,17
6448,14
6449,4
6450,23
6451,2
6452,23
6453,19
6454,21
6455,19
6456,2
6457,10
6458,22
6459,14
6460,15
6461,5
6462,11
6463,0
6464,6
6465,1
6466,15
6467,11
6468,18
6469,15
6470,23
6471,11
6472,8
6473,4
6474,13
6475,11
6476,17
6477,0
6478,23
6479,20
6480,15
6481,18
6482,22
6483,18
6484,19
6485,9
6486,9
6487,21
6488,1
6489,4
6490,15
6491,8
6492,19
6493,23
6494,23
6495,11
6496,20
6497,14
6498,10
6499,15
6500,5
6501,23
6502,23
6503,22
6504,16
6505,11
6506,13
6507,15
6508,17
6509,11
6510,9
6511,15
6512,19
6513,18
6514,3
6515,14
6516,23
6517,19
6518,7
6519,9
6520,11
6521,15
6522,15
6523,4
6524,17
6525,15
6526,9
6527,4
6528,15
6529,4
6530,3
6531,20
6532,15
6533,11
6534,11
6535,11
6536,11
6537,15
6538,17
6539,10
6540,11
6541,21
6542,4
6543,9
6544,5
6545,17
6546,10
6547,11
6548,8
6549,13
6550,15
6551,12
6552,4
6553,9
6554,11
6555,11
6556,11
6557,9
6558,15
6559,10
6560,17
6561,15
6562,7
6563,16
6564,13
6565,4
6566,13
6567,20
6568,22
6569,5
6570,12
6571,17
6572,4
6573,22
6574,11
6575,13
6576,4
6577,11
6578,15
6579,4
6580,15
6581,21
6582,11
6583,22
6584,7
6585,4
6586,2
6587,7
6588,18
6589,4
6590,11
6591,9
6592,11
6593,17
6594,15
6595,8
6596,21
6597,3
6598,4
6599,13
6600,15
6601,4
6602,15
6603,19
6604,15
6605,4
6606,11
6607,4
6608,11
6609,8
6610,20
6611,15
6612,0
6613,15
6614,5
6615,22
6616,15
6617,13
6618,5
6619,11
6620,5
6621,19
6622,8
6623,15
6624,3
6625,10
6626,11
6627,9
6628,15
6629,4
6630,9
6631,15
6632,16
6633,4
6634,0
6635,3
6636,4
6637,15
6638,19
6639,9
6640,17
6641,0
6642,19
6643,19
6644,9
6645,14
6646,17
6647,14
6648,13
6649,9
6650,14
6651,13
6652,23
6653,23
6654,9
6655,4
6656,11
6657,14
6658,7
6659,10
6660,16
6661,11
6662,17
6663,14
6664,4
6665,4
6666,3
6667,12
6668,3
6669,5
6670,14
6671,2
6672,17
6673,0
6674,15
6675,17
6676,11
6677,0
6678,19
6679,9
6680,15
6681,3
6682,23
6683,14
6684,8
6685,11
6686,16
6687,19
6688,13
6689,18
6690,11
6691,18
6692,23
6693,15
6694,20
6695,5
6696,13
6697,19
6698,10
6699,14
6700,15
6701,15
6702,15
6703,17
6704,10
6705,11
6706,19
6707,15
6708,15
6709,11
6710,11
6711,17
6712,14
6713,11
6714,9
6715,23
6716,5
6717,15
6718,15
6719,20
6720,21
6721,0
6722,10
6723,23
6724,17
6725,8
6726,16
6727,15
6728,19
6729,11
6730,22
6731,12
6732,14
6733,11
6734,20
6735,11
6736,11
6737,7
6738,15
6739,15
6740,8
6741,11
6742,14
6743,4
6744,18
6745,17
6746,16
6747,4
6748,20
6749,2
6750,14
6751,19
6752,11
6753,19
6754,10
6755,18
6756,15
6757,19
6758,5
6759,14
6760,13
6761,15
6762,15
6763,15
6764,23
6765,4
6766,9
6767,23
6768,11
6769,0
6770,15
6771,13
6772,15
6773,12
6774,11
6775,19
6776,2
6777,5
6778,4
6779,2
6780,20
6781,4
6782,11
6783,5
6784,2
6785,11
6786,11
6787,16
6788,9
6789,15
6790,15
6791,18
6792,5
6793,21
6794,4
6795,17
6796,11
6797,19
6798,17
6799,11
6800,12
6801,4
6802,19
6803,23
6804,23
6805,4
6806,0
6807,11
6808,4
6809,14
6810,10
6811,4
6812,17
6813,12
6814,20
6815,17
6816,15
6817,14
6818,9
6819,23
6820,15
6821,15
6822,20
6823,4
6824,23
6825,15
6826,11
6827,3
6828,18
6829,11
6830,11
6831,23
6832,22
6833,3
6834,15
6835,14
6836,20
6837,13
6838,22
6839,20
6840,7
6841,11
6842,17
6843,11
6844,13
6845,5
6846,17
6847,21
6848,17
6849,15
6850,11
6851,7
6852,11
6853,17
6854,2
6855,10
6856,15
6857,3
6858,20
6859,4
6860,10
6861,20
6862,17
6863,18
6864,18
6865,15
6866,9
6867,22
6868,14
6869,15
6870,22
6871,21
6872,4
6873,5
6874,9
6875,15
6876,22
6877,2
6878,22
6879,2
6880,13
6881,15
6882,18
6883,16
6884,13
6885,23
6886,13
6887,11
6888,11
6889,9
6890,18
6891,17
6892,5
6893,10
6894,9
6895,22
6896,14
6897,5
6898,14
6899,7
6900,3
6901,0
6902,11
6903,13
6904,22
6905,9
6906,19
6907,17
6908,11
6909,15
6910,17
6911,16
6912,22
6913,11
6914,16
6915,5
6916,23
6917,4
6918,4
6919,3
6920,15
6921,9
6922,15
6923,17
6924,22
6925,2
6926,18
6927,15
6928,9
6929,19
6930,15
6931,18
6932,17
6933,15
6934,22
6935,0
6936,14
6937,15
6938,0
6939,14
6940,9
6941,14
6942,11
6943,18
6944,15
6945,11
6946,12
6947,11
6948,23
6949,9
6950,22
6951,8
6952,13
6953,13
6954,3
6955,23
6956,18
6957,23
6958,22
6959,7
6960,0
6961,9
6962,15
6963,11
6964,17
6965,22
6966,14
6967,19
6968,17
6969,15
6970,17
6971,15
6972,15
6973,11
6974,16
6975,11
6976,13
6977,17
6978,4
6979,15
6980,4
6981,18
6982,0
6983,23
6984,11
6985,18
6986,9
6987,15
6988,21
6989,19
6990,5
6991,20
6992,17
6993,18
6994,1
6995,9
6996,4
6997,20
6998,14
6999,20
7000,4
7001,19
7002,19
7003,19
7004,11
7005,22
7006,5
7007,17
7008,4
7009,20
7010,4
7011,15
7012,21
7013,11
7014,16
7015,5
7016,18
7017,11
7018,17
7019,22
7020,19
7021,23
7022,23
7023,4
7024,20
7025,4
7026,17
7027,14
7028,17
